distance,walking_distance,duration,from,to
821,0,298,"['悦港北路', '悦港大道']",解放碑
821,0,298,"['悦港北路', '悦港大道']",江北嘴
821,0,298,"['悦港北路', '悦港大道']",弹子石
1146,0,321,"['悦港大道', '椿萱大道']",解放碑
1146,0,321,"['悦港大道', '椿萱大道']",江北嘴
1146,0,321,"['悦港大道', '椿萱大道']",弹子石
1188,0,324,"['椿萱大道', '中央公园西']",解放碑
1188,0,324,"['椿萱大道', '中央公园西']",江北嘴
1188,0,324,"['椿萱大道', '中央公园西']",弹子石
1158,0,322,"['中央公园西', '鲁家沟']",解放碑
1158,0,322,"['中央公园西', '鲁家沟']",江北嘴
1158,0,322,"['中央公园西', '鲁家沟']",弹子石
956,0,307,"['鲁家沟', '甘悦大道']",解放碑
956,0,307,"['鲁家沟', '甘悦大道']",江北嘴
956,0,307,"['鲁家沟', '甘悦大道']",弹子石
4348,839,1208,"['玉河沟', '园博中心']",解放碑
4348,839,1208,"['玉河沟', '园博中心']",江北嘴
4348,839,1208,"['玉河沟', '园博中心']",弹子石
1575,0,351,"['园博中心', '丹鹤']",解放碑
1575,0,351,"['园博中心', '丹鹤']",江北嘴
1575,0,351,"['园博中心', '丹鹤']",弹子石
1646,0,356,"['丹鹤', '湖霞街']",解放碑
1646,0,356,"['丹鹤', '湖霞街']",江北嘴
1646,0,356,"['丹鹤', '湖霞街']",弹子石
1694,0,360,"['湖霞街', '重光']",解放碑
1694,0,360,"['湖霞街', '重光']",江北嘴
1694,0,360,"['湖霞街', '重光']",弹子石
2681,0,430,"['重光', '和睦路']",解放碑
2681,0,430,"['重光', '和睦路']",江北嘴
2681,0,430,"['重光', '和睦路']",弹子石
1504,0,346,"['和睦路', '人和']",解放碑
1504,0,346,"['和睦路', '人和']",江北嘴
1504,0,346,"['和睦路', '人和']",弹子石
1776,0,366,"['人和', '幸福广场']",解放碑
1776,0,366,"['人和', '幸福广场']",江北嘴
1776,0,366,"['人和', '幸福广场']",弹子石
2436,0,413,"['幸福广场', '冉家坝']",解放碑
2436,0,413,"['幸福广场', '冉家坝']",江北嘴
2436,0,413,"['幸福广场', '冉家坝']",弹子石
800,0,292,"['冉家坝', '大龙山']",解放碑
800,0,292,"['冉家坝', '大龙山']",江北嘴
800,0,292,"['冉家坝', '大龙山']",弹子石
2246,0,399,"['大龙山', '大石坝']",解放碑
2246,0,399,"['大龙山', '大石坝']",江北嘴
2246,0,399,"['大龙山', '大石坝']",弹子石
816,0,297,"['大石坝', '忠恕沱']",解放碑
816,0,297,"['大石坝', '忠恕沱']",江北嘴
816,0,297,"['大石坝', '忠恕沱']",弹子石
1213,0,326,"['忠恕沱', '红岩村']",解放碑
1213,0,326,"['忠恕沱', '红岩村']",江北嘴
1213,0,326,"['忠恕沱', '红岩村']",弹子石
1689,0,359,"['红岩村', '歇台子']",解放碑
1689,0,359,"['红岩村', '歇台子']",江北嘴
1689,0,359,"['红岩村', '歇台子']",弹子石
1711,0,361,"['歇台子', '石桥铺']",解放碑
1711,0,361,"['歇台子', '石桥铺']",江北嘴
1711,0,361,"['歇台子', '石桥铺']",弹子石
1261,0,329,"['石桥铺', '石新路']",解放碑
1261,0,329,"['石桥铺', '石新路']",江北嘴
1261,0,329,"['石桥铺', '石新路']",弹子石
1124,0,319,"['石新路', '巴山']",解放碑
1124,0,319,"['石新路', '巴山']",江北嘴
1124,0,319,"['石新路', '巴山']",弹子石
1874,0,373,"['巴山', '凤西路']",解放碑
1874,0,373,"['巴山', '凤西路']",江北嘴
1874,0,373,"['巴山', '凤西路']",弹子石
2494,0,417,"['凤西路', '重庆西站']",解放碑
2494,0,417,"['凤西路', '重庆西站']",江北嘴
2494,0,417,"['凤西路', '重庆西站']",弹子石
1090,0,317,"['重庆西站', '华岩寺']",解放碑
1090,0,317,"['重庆西站', '华岩寺']",江北嘴
1090,0,317,"['重庆西站', '华岩寺']",弹子石
2040,0,384,"['华岩寺', '华成路']",解放碑
2040,0,384,"['华岩寺', '华成路']",江北嘴
2040,0,384,"['华岩寺', '华成路']",弹子石
915,0,304,"['华成路', '半山']",解放碑
915,0,304,"['华成路', '半山']",江北嘴
915,0,304,"['华成路', '半山']",弹子石
1665,0,358,"['半山', '中梁山']",解放碑
1665,0,358,"['半山', '中梁山']",江北嘴
1665,0,358,"['半山', '中梁山']",弹子石
1888,0,374,"['中梁山', '金建路']",解放碑
1888,0,374,"['中梁山', '金建路']",江北嘴
1888,0,374,"['中梁山', '金建路']",弹子石
1379,0,337,"['金建路', '华岩中心']",解放碑
1379,0,337,"['金建路', '华岩中心']",江北嘴
1379,0,337,"['金建路', '华岩中心']",弹子石
2310,0,404,"['华岩中心', '跳磴']",解放碑
2310,0,404,"['华岩中心', '跳磴']",江北嘴
2310,0,404,"['华岩中心', '跳磴']",弹子石
1119,0,297,"['兰花路', '南湖']",解放碑
1119,0,297,"['兰花路', '南湖']",江北嘴
1119,0,297,"['兰花路', '南湖']",弹子石
1296,0,311,"['南湖', '万寿路']",解放碑
1296,0,311,"['南湖', '万寿路']",江北嘴
1296,0,311,"['南湖', '万寿路']",弹子石
2278,547,1323,"['万寿路', '南坪']",解放碑
2278,547,1323,"['万寿路', '南坪']",江北嘴
2278,547,1323,"['万寿路', '南坪']",弹子石
2991,581,1640,"['南坪', '后堡']",解放碑
2991,581,1640,"['南坪', '后堡']",江北嘴
2991,581,1639,"['南坪', '后堡']",弹子石
2178,0,380,"['后堡', '七星岗']",解放碑
2178,0,380,"['后堡', '七星岗']",江北嘴
2178,0,380,"['后堡', '七星岗']",弹子石
1042,0,291,"['七星岗', '大礼堂']",解放碑
1042,0,291,"['七星岗', '大礼堂']",江北嘴
1042,0,291,"['七星岗', '大礼堂']",弹子石
878,0,278,"['大礼堂', '曾家岩']",解放碑
878,0,278,"['大礼堂', '曾家岩']",江北嘴
878,0,278,"['大礼堂', '曾家岩']",弹子石
754,0,268,"['曾家岩', '鲤鱼池']",解放碑
754,0,268,"['曾家岩', '鲤鱼池']",江北嘴
754,0,268,"['曾家岩', '鲤鱼池']",弹子石
970,0,285,"['鲤鱼池', '红土地']",解放碑
970,0,285,"['鲤鱼池', '红土地']",江北嘴
970,0,285,"['鲤鱼池', '红土地']",弹子石
1385,0,318,"['红土地', '龙头寺公园']",解放碑
1385,0,318,"['红土地', '龙头寺公园']",江北嘴
1385,0,318,"['红土地', '龙头寺公园']",弹子石
760,0,269,"['龙头寺公园', '重庆北站南广场']",解放碑
760,0,269,"['龙头寺公园', '重庆北站南广场']",江北嘴
760,0,269,"['龙头寺公园', '重庆北站南广场']",弹子石
529,0,251,"['重庆北站南广场', '重庆北站北广场']",解放碑
529,0,251,"['重庆北站南广场', '重庆北站北广场']",江北嘴
529,0,251,"['重庆北站南广场', '重庆北站北广场']",弹子石
2662,0,418,"['重庆北站北广场', '民心佳园']",解放碑
2662,0,418,"['重庆北站北广场', '民心佳园']",江北嘴
2662,0,418,"['重庆北站北广场', '民心佳园']",弹子石
2458,0,402,"['民心佳园', '三亚湾']",解放碑
2458,0,402,"['民心佳园', '三亚湾']",江北嘴
2458,0,402,"['民心佳园', '三亚湾']",弹子石
3004,0,444,"['三亚湾', '上湾路']",解放碑
3004,0,444,"['三亚湾', '上湾路']",江北嘴
3004,0,444,"['三亚湾', '上湾路']",弹子石
1882,0,357,"['上湾路', '环山公园']",解放碑
1882,0,357,"['上湾路', '环山公园']",江北嘴
1882,0,357,"['上湾路', '环山公园']",弹子石
1989,0,365,"['环山公园', '长河']",解放碑
1989,0,365,"['环山公园', '长河']",江北嘴
1989,0,365,"['环山公园', '长河']",弹子石
5753,0,659,"['长河', '江北机场T3航站楼']",解放碑
5753,0,659,"['长河', '江北机场T3航站楼']",江北嘴
5753,0,659,"['长河', '江北机场T3航站楼']",弹子石
2296,0,389,"['江北机场T3航站楼', '江北机场T2航站楼']",解放碑
2296,0,389,"['江北机场T3航站楼', '江北机场T2航站楼']",江北嘴
2296,0,389,"['江北机场T3航站楼', '江北机场T2航站楼']",弹子石
684,0,263,"['江北机场T2航站楼', '渝北广场']",解放碑
684,0,263,"['江北机场T2航站楼', '渝北广场']",江北嘴
684,0,263,"['江北机场T2航站楼', '渝北广场']",弹子石
1970,0,363,"['渝北广场', '鹿山']",解放碑
1970,0,363,"['渝北广场', '鹿山']",江北嘴
1970,0,363,"['渝北广场', '鹿山']",弹子石
1578,0,333,"['鹿山', '中央公园东']",解放碑
1578,0,333,"['鹿山', '中央公园东']",江北嘴
1578,0,333,"['鹿山', '中央公园东']",弹子石
697,0,264,"['中央公园东', '中央公园']",解放碑
697,0,264,"['中央公园东', '中央公园']",江北嘴
697,0,264,"['中央公园东', '中央公园']",弹子石
917,0,281,"['中央公园', '中央公园西']",解放碑
917,0,281,"['中央公园', '中央公园西']",江北嘴
917,0,281,"['中央公园', '中央公园西']",弹子石
2588,0,412,"['中央公园西', '悦来']",解放碑
2588,0,412,"['中央公园西', '悦来']",江北嘴
2588,0,412,"['中央公园西', '悦来']",弹子石
1894,0,358,"['悦来', '王家庄']",解放碑
1894,0,358,"['悦来', '王家庄']",江北嘴
1894,0,358,"['悦来', '王家庄']",弹子石
699,0,349,"['朝天门', '小什字']",解放碑
699,0,349,"['朝天门', '小什字']",江北嘴
699,0,349,"['朝天门', '小什字']",弹子石
1572,0,411,"['小什字', '较场口']",解放碑
1572,0,411,"['小什字', '较场口']",江北嘴
1572,0,411,"['小什字', '较场口']",弹子石
938,0,366,"['较场口', '七星岗']",解放碑
938,0,366,"['较场口', '七星岗']",江北嘴
938,0,366,"['较场口', '七星岗']",弹子石
1425,0,401,"['七星岗', '两路口']",解放碑
1425,0,401,"['七星岗', '两路口']",江北嘴
1425,0,401,"['七星岗', '两路口']",弹子石
1683,0,419,"['两路口', '鹅岭']",解放碑
1683,0,419,"['两路口', '鹅岭']",江北嘴
1683,0,419,"['两路口', '鹅岭']",弹子石
1995,0,441,"['鹅岭', '大坪']",解放碑
1995,0,441,"['鹅岭', '大坪']",江北嘴
1995,0,441,"['鹅岭', '大坪']",弹子石
1156,0,381,"['大坪', '石油路']",解放碑
1156,0,381,"['大坪', '石油路']",江北嘴
1156,0,381,"['大坪', '石油路']",弹子石
1086,0,376,"['石油路', '歇台子']",解放碑
1086,0,376,"['石油路', '歇台子']",江北嘴
1086,0,376,"['石油路', '歇台子']",弹子石
1378,0,397,"['歇台子', '石桥铺']",解放碑
1378,0,397,"['歇台子', '石桥铺']",江北嘴
1378,0,397,"['歇台子', '石桥铺']",弹子石
1801,0,427,"['石桥铺', '高庙村']",解放碑
1801,0,427,"['石桥铺', '高庙村']",江北嘴
1801,0,427,"['石桥铺', '高庙村']",弹子石
1405,0,399,"['高庙村', '马家岩']",解放碑
1405,0,399,"['高庙村', '马家岩']",江北嘴
1405,0,399,"['高庙村', '马家岩']",弹子石
1290,0,391,"['马家岩', '小龙坎']",解放碑
1290,0,391,"['马家岩', '小龙坎']",江北嘴
1290,0,391,"['马家岩', '小龙坎']",弹子石
870,0,361,"['小龙坎', '沙坪坝']",解放碑
870,0,361,"['小龙坎', '沙坪坝']",江北嘴
870,0,361,"['小龙坎', '沙坪坝']",弹子石
1378,0,397,"['沙坪坝', '杨公桥']",解放碑
1378,0,397,"['沙坪坝', '杨公桥']",江北嘴
1378,0,397,"['沙坪坝', '杨公桥']",弹子石
961,0,368,"['杨公桥', '烈士墓']",解放碑
961,0,368,"['杨公桥', '烈士墓']",江北嘴
961,0,368,"['杨公桥', '烈士墓']",弹子石
1023,0,372,"['烈士墓', '磁器口']",解放碑
1023,0,372,"['烈士墓', '磁器口']",江北嘴
1023,0,372,"['烈士墓', '磁器口']",弹子石
1436,0,401,"['磁器口', '石井坡']",解放碑
1436,0,401,"['磁器口', '石井坡']",江北嘴
1436,0,401,"['磁器口', '石井坡']",弹子石
1996,0,441,"['石井坡', '双碑']",解放碑
1996,0,441,"['石井坡', '双碑']",江北嘴
1996,0,441,"['石井坡', '双碑']",弹子石
6731,0,777,"['双碑', '赖家桥']",解放碑
6731,0,777,"['双碑', '赖家桥']",江北嘴
6731,0,777,"['双碑', '赖家桥']",弹子石
1603,0,413,"['赖家桥', '微电园']",解放碑
1603,0,413,"['赖家桥', '微电园']",江北嘴
1603,0,413,"['赖家桥', '微电园']",弹子石
3123,0,521,"['微电园', '陈家桥']",解放碑
3123,0,521,"['微电园', '陈家桥']",江北嘴
3123,0,521,"['微电园', '陈家桥']",弹子石
1639,0,416,"['陈家桥', '大学城']",解放碑
1639,0,416,"['陈家桥', '大学城']",江北嘴
1639,0,416,"['陈家桥', '大学城']",弹子石
1327,0,394,"['大学城', '尖顶坡']",解放碑
1327,0,394,"['大学城', '尖顶坡']",江北嘴
1327,0,394,"['大学城', '尖顶坡']",弹子石
5565,0,694,"['尖顶坡', '璧山']",解放碑
5565,0,694,"['尖顶坡', '璧山']",江北嘴
5565,0,694,"['尖顶坡', '璧山']",弹子石
1123,0,228,"['鱼洞', '大江']",解放碑
1123,0,228,"['鱼洞', '大江']",江北嘴
1123,0,228,"['鱼洞', '大江']",弹子石
3478,0,455,"['大江', '白居寺']",解放碑
3478,0,455,"['大江', '白居寺']",江北嘴
3478,0,455,"['大江', '白居寺']",弹子石
1886,0,301,"['白居寺', '刘家坝']",解放碑
1886,0,301,"['白居寺', '刘家坝']",江北嘴
1886,0,301,"['白居寺', '刘家坝']",弹子石
1490,0,263,"['刘家坝', '金家湾']",解放碑
1490,0,263,"['刘家坝', '金家湾']",江北嘴
1490,0,263,"['刘家坝', '金家湾']",弹子石
1156,0,231,"['金家湾', '建桥']",解放碑
1156,0,231,"['金家湾', '建桥']",江北嘴
1156,0,231,"['金家湾', '建桥']",弹子石
1714,0,285,"['建桥', '天堂堡']",解放碑
1714,0,285,"['建桥', '天堂堡']",江北嘴
1714,0,285,"['建桥', '天堂堡']",弹子石
786,0,195,"['天堂堡', '新山村']",解放碑
786,0,195,"['天堂堡', '新山村']",江北嘴
786,0,195,"['天堂堡', '新山村']",弹子石
1031,0,219,"['新山村', '大渡口']",解放碑
1031,0,219,"['新山村', '大渡口']",江北嘴
1031,0,219,"['新山村', '大渡口']",弹子石
1158,0,231,"['大渡口', '平安']",解放碑
1158,0,231,"['大渡口', '平安']",江北嘴
1158,0,231,"['大渡口', '平安']",弹子石
1061,0,222,"['平安', '马王场']",解放碑
1061,0,222,"['平安', '马王场']",江北嘴
1061,0,222,"['平安', '马王场']",弹子石
1136,0,229,"['马王场', '大堰村']",解放碑
1136,0,229,"['马王场', '大堰村']",江北嘴
1136,0,229,"['马王场', '大堰村']",弹子石
969,0,213,"['大堰村', '动物园']",解放碑
969,0,213,"['大堰村', '动物园']",江北嘴
969,0,213,"['大堰村', '动物园']",弹子石
1055,0,221,"['动物园', '杨家坪']",解放碑
1055,0,221,"['动物园', '杨家坪']",江北嘴
1055,0,221,"['动物园', '杨家坪']",弹子石
1303,0,245,"['杨家坪', '谢家湾']",解放碑
1303,0,245,"['杨家坪', '谢家湾']",江北嘴
1303,0,245,"['杨家坪', '谢家湾']",弹子石
1247,0,240,"['谢家湾', '袁家岗']",解放碑
1247,0,240,"['谢家湾', '袁家岗']",江北嘴
1247,0,240,"['谢家湾', '袁家岗']",弹子石
1611,0,275,"['袁家岗', '大坪']",解放碑
1611,0,275,"['袁家岗', '大坪']",江北嘴
1611,0,275,"['袁家岗', '大坪']",弹子石
1646,0,278,"['大坪', '佛图关']",解放碑
1646,0,278,"['大坪', '佛图关']",江北嘴
1646,0,278,"['大坪', '佛图关']",弹子石
803,0,197,"['佛图关', '李子坝']",解放碑
803,0,197,"['佛图关', '李子坝']",江北嘴
803,0,197,"['佛图关', '李子坝']",弹子石
1090,0,225,"['李子坝', '牛角沱']",解放碑
1090,0,225,"['李子坝', '牛角沱']",江北嘴
1090,0,225,"['李子坝', '牛角沱']",弹子石
1110,0,227,"['牛角沱', '曾家岩']",解放碑
1110,0,227,"['牛角沱', '曾家岩']",江北嘴
1110,0,227,"['牛角沱', '曾家岩']",弹子石
710,0,188,"['曾家岩', '大溪沟']",解放碑
710,0,188,"['曾家岩', '大溪沟']",江北嘴
710,0,188,"['曾家岩', '大溪沟']",弹子石
756,0,192,"['大溪沟', '黄花园']",解放碑
756,0,192,"['大溪沟', '黄花园']",江北嘴
756,0,192,"['大溪沟', '黄花园']",弹子石
1252,0,240,"['黄花园', '临江门']",解放碑
1252,0,240,"['黄花园', '临江门']",江北嘴
1252,0,240,"['黄花园', '临江门']",弹子石
748,0,192,"['临江门', '较场口']",解放碑
748,0,192,"['临江门', '较场口']",江北嘴
748,0,192,"['临江门', '较场口']",弹子石
1916,0,413,"['鱼洞', '金竹']",解放碑
1916,0,413,"['鱼洞', '金竹']",江北嘴
1916,0,413,"['鱼洞', '金竹']",弹子石
1497,0,375,"['金竹', '鱼胡路']",解放碑
1497,0,375,"['金竹', '鱼胡路']",江北嘴
1497,0,375,"['金竹', '鱼胡路']",弹子石
2129,0,432,"['鱼胡路', '学堂湾']",解放碑
2129,0,432,"['鱼胡路', '学堂湾']",江北嘴
2129,0,432,"['鱼胡路', '学堂湾']",弹子石
1386,0,365,"['学堂湾', '大山村']",解放碑
1386,0,365,"['学堂湾', '大山村']",江北嘴
1386,0,365,"['学堂湾', '大山村']",弹子石
2266,0,445,"['大山村', '花溪']",解放碑
2266,0,445,"['大山村', '花溪']",江北嘴
2266,0,445,"['大山村', '花溪']",弹子石
1911,0,413,"['花溪', '岔路口']",解放碑
1911,0,413,"['花溪', '岔路口']",江北嘴
1911,0,413,"['花溪', '岔路口']",弹子石
1237,0,352,"['岔路口', '九公里']",解放碑
1237,0,352,"['岔路口', '九公里']",江北嘴
1237,0,352,"['岔路口', '九公里']",弹子石
1051,0,335,"['九公里', '麒龙']",解放碑
1051,0,335,"['九公里', '麒龙']",江北嘴
1051,0,335,"['九公里', '麒龙']",弹子石
1282,0,356,"['麒龙', '八公里']",解放碑
1282,0,356,"['麒龙', '八公里']",江北嘴
1282,0,356,"['麒龙', '八公里']",弹子石
1488,0,374,"['八公里', '重庆交通大学']",解放碑
1488,0,374,"['八公里', '重庆交通大学']",江北嘴
1488,0,374,"['八公里', '重庆交通大学']",弹子石
981,0,328,"['重庆交通大学', '六公里']",解放碑
981,0,328,"['重庆交通大学', '六公里']",江北嘴
981,0,328,"['重庆交通大学', '六公里']",弹子石
984,0,329,"['六公里', '重庆工商大学']",解放碑
984,0,329,"['六公里', '重庆工商大学']",江北嘴
984,0,329,"['六公里', '重庆工商大学']",弹子石
1020,0,332,"['重庆工商大学', '四公里']",解放碑
1020,0,332,"['重庆工商大学', '四公里']",江北嘴
1020,0,332,"['重庆工商大学', '四公里']",弹子石
1399,0,366,"['四公里', '南坪']",解放碑
1399,0,366,"['四公里', '南坪']",江北嘴
1399,0,366,"['四公里', '南坪']",弹子石
1014,0,331,"['南坪', '工贸']",解放碑
1014,0,331,"['南坪', '工贸']",江北嘴
1014,0,331,"['南坪', '工贸']",弹子石
1332,0,360,"['工贸', '铜元局']",解放碑
1332,0,360,"['工贸', '铜元局']",江北嘴
1332,0,360,"['工贸', '铜元局']",弹子石
1660,0,390,"['铜元局', '两路口']",解放碑
1660,0,390,"['铜元局', '两路口']",江北嘴
1660,0,390,"['铜元局', '两路口']",弹子石
1149,0,344,"['两路口', '牛角沱']",解放碑
1149,0,344,"['两路口', '牛角沱']",江北嘴
1149,0,344,"['两路口', '牛角沱']",弹子石
880,0,319,"['牛角沱', '华新街']",解放碑
880,0,319,"['牛角沱', '华新街']",江北嘴
880,0,319,"['牛角沱', '华新街']",弹子石
1253,0,353,"['华新街', '观音桥']",解放碑
1253,0,353,"['华新街', '观音桥']",江北嘴
1253,0,353,"['华新街', '观音桥']",弹子石
1567,0,381,"['观音桥', '红旗河沟']",解放碑
1567,0,381,"['观音桥', '红旗河沟']",江北嘴
1567,0,381,"['观音桥', '红旗河沟']",弹子石
1235,0,351,"['红旗河沟', '嘉州路']",解放碑
1235,0,351,"['红旗河沟', '嘉州路']",江北嘴
1235,0,351,"['红旗河沟', '嘉州路']",弹子石
1089,0,338,"['嘉州路', '郑家院子']",解放碑
1089,0,338,"['嘉州路', '郑家院子']",江北嘴
1089,0,338,"['嘉州路', '郑家院子']",弹子石
1014,0,331,"['郑家院子', '唐家院子']",解放碑
1014,0,331,"['郑家院子', '唐家院子']",江北嘴
1014,0,331,"['郑家院子', '唐家院子']",弹子石
968,0,327,"['唐家院子', '狮子坪']",解放碑
968,0,327,"['唐家院子', '狮子坪']",江北嘴
968,0,327,"['唐家院子', '狮子坪']",弹子石
508,0,285,"['狮子坪', '重庆北站南广场']",解放碑
508,0,285,"['狮子坪', '重庆北站南广场']",江北嘴
508,0,285,"['狮子坪', '重庆北站南广场']",弹子石
929,0,324,"['重庆北站南广场', '龙头寺']",解放碑
929,0,324,"['重庆北站南广场', '龙头寺']",江北嘴
929,0,324,"['重庆北站南广场', '龙头寺']",弹子石
1486,0,374,"['龙头寺', '童家院子']",解放碑
1486,0,374,"['龙头寺', '童家院子']",江北嘴
1486,0,374,"['龙头寺', '童家院子']",弹子石
1852,0,407,"['童家院子', '金渝']",解放碑
1852,0,407,"['童家院子', '金渝']",江北嘴
1852,0,407,"['童家院子', '金渝']",弹子石
1274,0,355,"['金渝', '金童路']",解放碑
1274,0,355,"['金渝', '金童路']",江北嘴
1274,0,355,"['金渝', '金童路']",弹子石
2323,0,450,"['金童路', '鸳鸯']",解放碑
2323,0,450,"['金童路', '鸳鸯']",江北嘴
2323,0,450,"['金童路', '鸳鸯']",弹子石
1488,0,374,"['鸳鸯', '园博园']",解放碑
1488,0,374,"['鸳鸯', '园博园']",江北嘴
1488,0,374,"['鸳鸯', '园博园']",弹子石
1716,0,395,"['园博园', '翠云']",解放碑
1716,0,395,"['园博园', '翠云']",江北嘴
1716,0,395,"['园博园', '翠云']",弹子石
1688,0,392,"['翠云', '长福路']",解放碑
1688,0,392,"['翠云', '长福路']",江北嘴
1688,0,392,"['翠云', '长福路']",弹子石
1988,0,420,"['长福路', '回兴']",解放碑
1988,0,420,"['长福路', '回兴']",江北嘴
1988,0,420,"['长福路', '回兴']",弹子石
1707,0,394,"['回兴', '双龙']",解放碑
1707,0,394,"['回兴', '双龙']",江北嘴
1707,0,394,"['回兴', '双龙']",弹子石
2288,0,447,"['双龙', '碧津']",解放碑
2288,0,447,"['双龙', '碧津']",江北嘴
2288,0,447,"['双龙', '碧津']",弹子石
1195,0,348,"['碧津', '江北机场T2航站楼']",解放碑
1195,0,348,"['碧津', '江北机场T2航站楼']",江北嘴
1195,0,348,"['碧津', '江北机场T2航站楼']",弹子石
1435,0,411,"['举人坝', '莲花']",解放碑
1435,0,411,"['举人坝', '莲花']",江北嘴
1435,0,411,"['举人坝', '莲花']",弹子石
1197,0,392,"['莲花', '观月路']",解放碑
1197,0,392,"['莲花', '观月路']",江北嘴
1197,0,392,"['莲花', '观月路']",弹子石
2850,0,521,"['观月路', '高堡湖']",解放碑
2850,0,521,"['观月路', '高堡湖']",江北嘴
2850,0,521,"['观月路', '高堡湖']",弹子石
2142,0,466,"['高堡湖', '空港广场']",解放碑
2142,0,466,"['高堡湖', '空港广场']",江北嘴
2142,0,466,"['高堡湖', '空港广场']",弹子石
935,0,372,"['空港广场', '双凤桥']",解放碑
935,0,372,"['空港广场', '双凤桥']",江北嘴
935,0,372,"['空港广场', '双凤桥']",弹子石
1920,0,448,"['双凤桥', '碧津']",解放碑
1920,0,448,"['双凤桥', '碧津']",江北嘴
1920,0,448,"['双凤桥', '碧津']",弹子石
2079,0,465,"['民安大道', '重庆北站北广场']",解放碑
2079,0,465,"['民安大道', '重庆北站北广场']",江北嘴
2079,0,465,"['民安大道', '重庆北站北广场']",弹子石
2406,0,490,"['重庆北站北广场', '头塘']",解放碑
2406,0,490,"['重庆北站北广场', '头塘']",江北嘴
2406,0,490,"['重庆北站北广场', '头塘']",弹子石
1566,0,321,"['头塘', '保税港']",解放碑
1566,0,321,"['头塘', '保税港']",江北嘴
1566,0,321,"['头塘', '保税港']",弹子石
2427,0,492,"['保税港', '寸滩']",解放碑
2427,0,492,"['保税港', '寸滩']",江北嘴
2427,0,492,"['保税港', '寸滩']",弹子石
1359,0,407,"['寸滩', '黑石子']",解放碑
1359,0,407,"['寸滩', '黑石子']",江北嘴
1359,0,407,"['寸滩', '黑石子']",弹子石
1254,0,399,"['黑石子', '港城']",解放碑
1254,0,399,"['黑石子', '港城']",江北嘴
1254,0,399,"['黑石子', '港城']",弹子石
1995,0,458,"['港城', '太平冲']",解放碑
1995,0,458,"['港城', '太平冲']",江北嘴
1995,0,458,"['港城', '太平冲']",弹子石
1714,0,436,"['太平冲', '唐家沱']",解放碑
1714,0,436,"['太平冲', '唐家沱']",江北嘴
1714,0,436,"['太平冲', '唐家沱']",弹子石
1486,0,417,"['唐家沱', '铁山坪']",解放碑
1486,0,417,"['唐家沱', '铁山坪']",江北嘴
1486,0,417,"['唐家沱', '铁山坪']",弹子石
5783,0,759,"['铁山坪', '鹿栖']",解放碑
5783,0,759,"['铁山坪', '鹿栖']",江北嘴
5783,0,759,"['铁山坪', '鹿栖']",弹子石
2827,0,524,"['鹿栖', '果园物流枢纽']",解放碑
2827,0,524,"['鹿栖', '果园物流枢纽']",江北嘴
2827,0,524,"['鹿栖', '果园物流枢纽']",弹子石
2901,0,530,"['果园物流枢纽', '鱼嘴']",解放碑
2901,0,530,"['果园物流枢纽', '鱼嘴']",江北嘴
2901,0,530,"['果园物流枢纽', '鱼嘴']",弹子石
1338,0,406,"['鱼嘴', '雁坪']",解放碑
1338,0,406,"['鱼嘴', '雁坪']",江北嘴
1338,0,406,"['鱼嘴', '雁坪']",弹子石
2799,0,522,"['雁坪', '石河清']",解放碑
2799,0,522,"['雁坪', '石河清']",江北嘴
2799,0,522,"['雁坪', '石河清']",弹子石
2217,0,475,"['石河清', '复盛']",解放碑
2217,0,475,"['石河清', '复盛']",江北嘴
2217,0,475,"['石河清', '复盛']",弹子石
1232,0,397,"['复盛', '三板溪']",解放碑
1232,0,397,"['复盛', '三板溪']",江北嘴
1232,0,397,"['复盛', '三板溪']",弹子石
2460,0,495,"['三板溪', '龙驿大道']",解放碑
2460,0,495,"['三板溪', '龙驿大道']",江北嘴
2460,0,495,"['三板溪', '龙驿大道']",弹子石
1608,0,427,"['龙驿大道', '龙兴']",解放碑
1608,0,427,"['龙驿大道', '龙兴']",江北嘴
1608,0,427,"['龙驿大道', '龙兴']",弹子石
1078,0,385,"['龙兴', '高石塔']",解放碑
1078,0,385,"['龙兴', '高石塔']",江北嘴
1078,0,385,"['龙兴', '高石塔']",弹子石
1911,0,451,"['高石塔', '普福']",解放碑
1911,0,451,"['高石塔', '普福']",江北嘴
1911,0,451,"['高石塔', '普福']",弹子石
2007,0,459,"['普福', '桐梓林']",解放碑
2007,0,459,"['普福', '桐梓林']",江北嘴
2007,0,459,"['普福', '桐梓林']",弹子石
2882,0,528,"['桐梓林', '石船']",解放碑
2882,0,528,"['桐梓林', '石船']",江北嘴
2882,0,528,"['桐梓林', '石船']",弹子石
1643,0,430,"['石船', '黄岭']",解放碑
1643,0,430,"['石船', '黄岭']",江北嘴
1643,0,430,"['石船', '黄岭']",弹子石
1861,0,363,"['北碚', '西南大学']",解放碑
1861,0,363,"['北碚', '西南大学']",江北嘴
1861,0,363,"['北碚', '西南大学']",弹子石
3044,0,441,"['西南大学', '状元碑']",解放碑
3044,0,441,"['西南大学', '状元碑']",江北嘴
3044,0,441,"['西南大学', '状元碑']",弹子石
2032,0,374,"['状元碑', '龙凤溪']",解放碑
2032,0,374,"['状元碑', '龙凤溪']",江北嘴
2032,0,374,"['状元碑', '龙凤溪']",弹子石
9671,0,880,"['龙凤溪', '向家岗']",解放碑
9671,0,880,"['龙凤溪', '向家岗']",江北嘴
9671,0,880,"['龙凤溪', '向家岗']",弹子石
1733,0,354,"['向家岗', '蔡家']",解放碑
1733,0,354,"['向家岗', '蔡家']",江北嘴
1733,0,354,"['向家岗', '蔡家']",弹子石
1814,0,360,"['蔡家', '曹家湾']",解放碑
1814,0,360,"['蔡家', '曹家湾']",江北嘴
1814,0,360,"['蔡家', '曹家湾']",弹子石
5140,0,580,"['曹家湾', '金山寺']",解放碑
5140,0,580,"['曹家湾', '金山寺']",江北嘴
5140,0,580,"['曹家湾', '金山寺']",弹子石
1391,0,332,"['金山寺', '礼嘉']",解放碑
1391,0,332,"['金山寺', '礼嘉']",江北嘴
1391,0,332,"['金山寺', '礼嘉']",弹子石
1597,0,345,"['礼嘉', '九曲河']",解放碑
1597,0,345,"['礼嘉', '九曲河']",江北嘴
1597,0,345,"['礼嘉', '九曲河']",弹子石
2000,0,372,"['九曲河', '康庄']",解放碑
2000,0,372,"['九曲河', '康庄']",江北嘴
2000,0,372,"['九曲河', '康庄']",弹子石
676,0,284,"['康庄', '大竹林']",解放碑
676,0,284,"['康庄', '大竹林']",江北嘴
676,0,284,"['康庄', '大竹林']",弹子石
2784,0,424,"['大竹林', '光电园']",解放碑
2784,0,424,"['大竹林', '光电园']",江北嘴
2784,0,424,"['大竹林', '光电园']",弹子石
1572,0,344,"['光电园', '冉家坝']",解放碑
1572,0,344,"['光电园', '冉家坝']",江北嘴
1572,0,344,"['光电园', '冉家坝']",弹子石
800,0,292,"['冉家坝', '大龙山']",解放碑
800,0,292,"['冉家坝', '大龙山']",江北嘴
800,0,292,"['冉家坝', '大龙山']",弹子石
1632,0,348,"['大龙山', '花卉园']",解放碑
1632,0,348,"['大龙山', '花卉园']",江北嘴
1632,0,348,"['大龙山', '花卉园']",弹子石
1198,0,319,"['花卉园', '红旗河沟']",解放碑
1198,0,319,"['花卉园', '红旗河沟']",江北嘴
1198,0,319,"['花卉园', '红旗河沟']",弹子石
1201,0,319,"['红旗河沟', '黄泥塝']",解放碑
1201,0,319,"['红旗河沟', '黄泥塝']",江北嘴
1201,0,319,"['红旗河沟', '黄泥塝']",弹子石
1385,0,331,"['黄泥塝', '红土地']",解放碑
1385,0,331,"['黄泥塝', '红土地']",江北嘴
1385,0,331,"['黄泥塝', '红土地']",弹子石
1166,0,317,"['红土地', '五里店']",解放碑
1166,0,317,"['红土地', '五里店']",江北嘴
1166,0,317,"['红土地', '五里店']",弹子石
1343,0,328,"['五里店', '江北城']",解放碑
1343,0,328,"['五里店', '江北城']",江北嘴
1343,0,328,"['五里店', '江北城']",弹子石
916,0,300,"['江北城', '大剧院']",解放碑
916,0,300,"['江北城', '大剧院']",江北嘴
916,0,300,"['江北城', '大剧院']",弹子石
1341,0,328,"['大剧院', '小什字']",解放碑
1341,0,328,"['大剧院', '小什字']",江北嘴
1341,0,328,"['大剧院', '小什字']",弹子石
1379,0,331,"['小什字', '上新街']",解放碑
1379,0,331,"['小什字', '上新街']",江北嘴
1379,0,331,"['小什字', '上新街']",弹子石
7193,0,716,"['上新街', '刘家坪']",解放碑
7193,0,716,"['上新街', '刘家坪']",江北嘴
7193,0,716,"['上新街', '刘家坪']",弹子石
1867,0,363,"['刘家坪', '长生桥']",解放碑
1867,0,363,"['刘家坪', '长生桥']",江北嘴
1867,0,363,"['刘家坪', '长生桥']",弹子石
1780,0,357,"['长生桥', '邱家湾']",解放碑
1780,0,357,"['长生桥', '邱家湾']",江北嘴
1780,0,357,"['长生桥', '邱家湾']",弹子石
1414,0,333,"['邱家湾', '茶园']",解放碑
1414,0,333,"['邱家湾', '茶园']",江北嘴
1414,0,333,"['邱家湾', '茶园']",弹子石
1549,0,550,"['沙河坝', '红岩坪']",解放碑
1549,0,550,"['沙河坝', '红岩坪']",江北嘴
1549,0,550,"['沙河坝', '红岩坪']",弹子石
1130,0,523,"['红岩坪', '复兴']",解放碑
1130,0,523,"['红岩坪', '复兴']",江北嘴
1130,0,523,"['红岩坪', '复兴']",弹子石
1552,0,550,"['复兴', '思源']",解放碑
1552,0,550,"['复兴', '思源']",江北嘴
1552,0,550,"['复兴', '思源']",弹子石
2711,0,626,"['思源', '刘家院子']",解放碑
2711,0,626,"['思源', '刘家院子']",江北嘴
2711,0,626,"['思源', '刘家院子']",弹子石
2110,0,587,"['刘家院子', '清溪河']",解放碑
2110,0,587,"['刘家院子', '清溪河']",江北嘴
2110,0,587,"['刘家院子', '清溪河']",弹子石
2379,0,604,"['清溪河', '王家庄']",解放碑
2379,0,604,"['清溪河', '王家庄']",江北嘴
2379,0,604,"['清溪河', '王家庄']",弹子石
1893,0,361,"['王家庄', '悦来']",解放碑
1893,0,361,"['王家庄', '悦来']",江北嘴
1893,0,361,"['王家庄', '悦来']",弹子石
1019,0,516,"['悦来', '国博中心']",解放碑
1019,0,516,"['悦来', '国博中心']",江北嘴
1019,0,516,"['悦来', '国博中心']",弹子石
2605,0,619,"['国博中心', '高义口']",解放碑
2605,0,619,"['国博中心', '高义口']",江北嘴
2605,0,619,"['国博中心', '高义口']",弹子石
3230,0,659,"['高义口', '黄茅坪']",解放碑
3230,0,659,"['高义口', '黄茅坪']",江北嘴
3230,0,659,"['高义口', '黄茅坪']",弹子石
3365,0,668,"['黄茅坪', '欢乐谷']",解放碑
3365,0,668,"['黄茅坪', '欢乐谷']",江北嘴
3365,0,668,"['黄茅坪', '欢乐谷']",弹子石
2490,0,611,"['欢乐谷', '礼嘉']",解放碑
2490,0,611,"['欢乐谷', '礼嘉']",江北嘴
2490,0,611,"['欢乐谷', '礼嘉']",弹子石
1153,0,284,"['花石沟', '丛岩寺']",解放碑
1153,0,284,"['花石沟', '丛岩寺']",江北嘴
1153,0,284,"['花石沟', '丛岩寺']",弹子石
2519,0,407,"['丛岩寺', '中央公园东']",解放碑
2519,0,407,"['丛岩寺', '中央公园东']",江北嘴
2519,0,407,"['丛岩寺', '中央公园东']",弹子石
1117,0,280,"['中央公园东', '兰桂大道']",解放碑
1117,0,280,"['中央公园东', '兰桂大道']",江北嘴
1117,0,280,"['中央公园东', '兰桂大道']",弹子石
979,0,268,"['兰桂大道', '春华大道']",解放碑
979,0,268,"['兰桂大道', '春华大道']",江北嘴
979,0,268,"['兰桂大道', '春华大道']",弹子石
2121,0,371,"['春华大道', '兴科大道']",解放碑
2121,0,371,"['春华大道', '兴科大道']",江北嘴
2121,0,371,"['春华大道', '兴科大道']",弹子石
1344,0,301,"['兴科大道', '宝圣湖']",解放碑
1344,0,301,"['兴科大道', '宝圣湖']",江北嘴
1344,0,301,"['兴科大道', '宝圣湖']",弹子石
2117,0,370,"['宝圣湖', '青岗坪']",解放碑
2117,0,370,"['宝圣湖', '青岗坪']",江北嘴
2117,0,370,"['宝圣湖', '青岗坪']",弹子石
1630,0,327,"['青岗坪', '上湾路']",解放碑
1630,0,327,"['青岗坪', '上湾路']",江北嘴
1630,0,327,"['青岗坪', '上湾路']",弹子石
1952,0,356,"['上湾路', '石盘河']",解放碑
1952,0,356,"['上湾路', '石盘河']",江北嘴
1952,0,356,"['上湾路', '石盘河']",弹子石
1539,0,318,"['石盘河', '何家梁']",解放碑
1539,0,318,"['石盘河', '何家梁']",江北嘴
1539,0,318,"['石盘河', '何家梁']",弹子石
1591,720,1926,"['何家梁', '邮轮母港']",解放碑
1591,720,1926,"['何家梁', '邮轮母港']",江北嘴
1591,720,1926,"['何家梁', '邮轮母港']",弹子石
2618,867,1080,"['邮轮母港', '保税港']",解放碑
2618,867,1080,"['邮轮母港', '保税港']",江北嘴
2618,867,1080,"['邮轮母港', '保税港']",弹子石
1566,0,321,"['保税港', '头塘']",解放碑
1566,0,321,"['保税港', '头塘']",江北嘴
1566,0,321,"['保税港', '头塘']",弹子石
1693,0,332,"['头塘', '溉澜溪']",解放碑
1693,0,332,"['头塘', '溉澜溪']",江北嘴
1693,0,332,"['头塘', '溉澜溪']",弹子石
1042,0,273,"['溉澜溪', '五里店']",解放碑
1042,0,273,"['溉澜溪', '五里店']",江北嘴
1042,0,273,"['溉澜溪', '五里店']",弹子石
1211,0,289,"['五里店', '江北城']",解放碑
1211,0,289,"['五里店', '江北城']",江北嘴
1211,0,289,"['五里店', '江北城']",弹子石
985,0,268,"['江北城', '刘家台']",解放碑
985,0,268,"['江北城', '刘家台']",江北嘴
985,0,268,"['江北城', '刘家台']",弹子石
966,0,267,"['刘家台', '鲤鱼池']",解放碑
966,0,267,"['刘家台', '鲤鱼池']",江北嘴
966,0,267,"['刘家台', '鲤鱼池']",弹子石
1629,0,326,"['鲤鱼池', '观音桥']",解放碑
1629,0,326,"['鲤鱼池', '观音桥']",江北嘴
1629,0,326,"['鲤鱼池', '观音桥']",弹子石
1002,0,270,"['观音桥', '蚂蝗梁']",解放碑
1002,0,270,"['观音桥', '蚂蝗梁']",江北嘴
1002,0,270,"['观音桥', '蚂蝗梁']",弹子石
889,0,260,"['蚂蝗梁', '李家坪']",解放碑
889,0,260,"['蚂蝗梁', '李家坪']",江北嘴
889,0,260,"['蚂蝗梁', '李家坪']",弹子石
1497,0,315,"['李家坪', '化龙桥']",解放碑
1497,0,315,"['李家坪', '化龙桥']",江北嘴
1497,0,315,"['李家坪', '化龙桥']",弹子石
1954,0,356,"['化龙桥', '富华路']",解放碑
1954,0,356,"['化龙桥', '富华路']",江北嘴
1954,0,356,"['化龙桥', '富华路']",弹子石
1169,0,285,"['富华路', '红岩村']",解放碑
1169,0,285,"['富华路', '红岩村']",江北嘴
1169,0,285,"['富华路', '红岩村']",弹子石
1144,0,283,"['红岩村', '土湾']",解放碑
1144,0,283,"['红岩村', '土湾']",江北嘴
1144,0,283,"['红岩村', '土湾']",弹子石
939,0,264,"['土湾', '小龙坎']",解放碑
939,0,264,"['土湾', '小龙坎']",江北嘴
939,0,264,"['土湾', '小龙坎']",弹子石
941,0,264,"['小龙坎', '沙坪坝']",解放碑
941,0,264,"['小龙坎', '沙坪坝']",江北嘴
941,0,264,"['小龙坎', '沙坪坝']",弹子石
1238,0,291,"['沙坪坝', '天梨路']",解放碑
1238,0,291,"['沙坪坝', '天梨路']",江北嘴
1238,0,291,"['沙坪坝', '天梨路']",弹子石
1163,0,284,"['天梨路', '高滩岩']",解放碑
1163,0,284,"['天梨路', '高滩岩']",江北嘴
1163,0,284,"['天梨路', '高滩岩']",弹子石
2278,290,1079,"['高滩岩', '新桥']",解放碑
2278,290,1076,"['高滩岩', '新桥']",江北嘴
2278,290,1090,"['高滩岩', '新桥']",弹子石
3952,0,660,"['圣泉寺', '江津高铁']",解放碑
3952,0,660,"['圣泉寺', '江津高铁']",江北嘴
3952,0,660,"['圣泉寺', '江津高铁']",弹子石
4223,0,674,"['江津高铁', '享堂']",解放碑
4223,0,674,"['江津高铁', '享堂']",江北嘴
4223,0,674,"['江津高铁', '享堂']",弹子石
5805,0,758,"['享堂', '双福']",解放碑
5805,0,758,"['享堂', '双福']",江北嘴
5805,0,758,"['享堂', '双福']",弹子石
4509,0,689,"['双福', '九龙园']",解放碑
4509,0,689,"['双福', '九龙园']",江北嘴
4509,0,689,"['双福', '九龙园']",弹子石
6853,0,814,"['九龙园', '石林寺']",解放碑
6853,0,814,"['九龙园', '石林寺']",江北嘴
6853,0,814,"['九龙园', '石林寺']",弹子石
1067,0,506,"['石林寺', '跳磴']",解放碑
1067,0,506,"['石林寺', '跳磴']",江北嘴
1067,0,506,"['石林寺', '跳磴']",弹子石
1113,0,309,"['重庆图书馆', '天星桥']",解放碑
1113,0,309,"['重庆图书馆', '天星桥']",江北嘴
1113,0,309,"['重庆图书馆', '天星桥']",弹子石
1618,0,368,"['天星桥', '沙坪坝']",解放碑
1618,0,368,"['天星桥', '沙坪坝']",江北嘴
1618,0,368,"['天星桥', '沙坪坝']",弹子石
1579,0,364,"['沙坪坝', '重庆大学']",解放碑
1579,0,364,"['沙坪坝', '重庆大学']",江北嘴
1579,0,364,"['沙坪坝', '重庆大学']",弹子石
2218,0,438,"['重庆大学', '玉带山']",解放碑
2218,0,438,"['重庆大学', '玉带山']",江北嘴
2218,0,438,"['重庆大学', '玉带山']",弹子石
1597,0,366,"['玉带山', '南桥寺']",解放碑
1597,0,366,"['玉带山', '南桥寺']",江北嘴
1597,0,366,"['玉带山', '南桥寺']",弹子石
1214,0,321,"['南桥寺', '体育公园']",解放碑
1214,0,321,"['南桥寺', '体育公园']",江北嘴
1214,0,321,"['南桥寺', '体育公园']",弹子石
929,0,288,"['体育公园', '冉家坝']",解放碑
929,0,288,"['体育公园', '冉家坝']",江北嘴
929,0,288,"['体育公园', '冉家坝']",弹子石
1036,0,300,"['冉家坝', '动步公园']",解放碑
1036,0,300,"['冉家坝', '动步公园']",江北嘴
1036,0,300,"['冉家坝', '动步公园']",弹子石
936,0,289,"['动步公园', '洪湖东路']",解放碑
936,0,289,"['动步公园', '洪湖东路']",江北嘴
936,0,289,"['动步公园', '洪湖东路']",弹子石
1445,0,348,"['洪湖东路', '民安大道']",解放碑
1445,0,348,"['洪湖东路', '民安大道']",江北嘴
1445,0,348,"['洪湖东路', '民安大道']",弹子石
2045,0,418,"['民安大道', '重庆北站南广场']",解放碑
2045,0,418,"['民安大道', '重庆北站南广场']",江北嘴
2045,0,418,"['民安大道', '重庆北站南广场']",弹子石
2121,0,427,"['重庆北站南广场', '渝鲁']",解放碑
2121,0,427,"['重庆北站南广场', '渝鲁']",江北嘴
2121,0,427,"['重庆北站南广场', '渝鲁']",弹子石
1546,0,360,"['渝鲁', '五里店']",解放碑
1546,0,360,"['渝鲁', '五里店']",江北嘴
1546,0,360,"['渝鲁', '五里店']",弹子石
2326,0,451,"['五里店', '弹子石']",解放碑
2326,0,451,"['五里店', '弹子石']",江北嘴
2326,0,451,"['五里店', '弹子石']",弹子石
1568,0,362,"['弹子石', '涂山']",解放碑
1568,0,362,"['弹子石', '涂山']",江北嘴
1568,0,362,"['弹子石', '涂山']",弹子石
1409,0,344,"['涂山', '仁济']",解放碑
1409,0,344,"['涂山', '仁济']",江北嘴
1409,0,344,"['涂山', '仁济']",弹子石
1039,0,301,"['仁济', '上新街']",解放碑
1039,0,301,"['仁济', '上新街']",江北嘴
1039,0,301,"['仁济', '上新街']",弹子石
1226,0,322,"['上新街', '上浩']",解放碑
1226,0,322,"['上新街', '上浩']",江北嘴
1226,0,322,"['上新街', '上浩']",弹子石
1676,0,375,"['上浩', '海棠溪']",解放碑
1676,0,375,"['上浩', '海棠溪']",江北嘴
1676,0,375,"['上浩', '海棠溪']",弹子石
1127,0,311,"['海棠溪', '罗家坝']",解放碑
1127,0,311,"['海棠溪', '罗家坝']",江北嘴
1127,0,311,"['海棠溪', '罗家坝']",弹子石
1199,0,319,"['罗家坝', '四公里']",解放碑
1199,0,319,"['罗家坝', '四公里']",江北嘴
1199,0,319,"['罗家坝', '四公里']",弹子石
1937,0,405,"['四公里', '南湖']",解放碑
1937,0,405,"['四公里', '南湖']",江北嘴
1937,0,405,"['四公里', '南湖']",弹子石
1057,0,303,"['南湖', '海峡路']",解放碑
1057,0,303,"['南湖', '海峡路']",江北嘴
1057,0,303,"['南湖', '海峡路']",弹子石
2397,0,459,"['海峡路', '谢家湾']",解放碑
2397,0,459,"['海峡路', '谢家湾']",江北嘴
2397,0,459,"['海峡路', '谢家湾']",弹子石
2026,0,416,"['谢家湾', '奥体中心']",解放碑
2026,0,416,"['谢家湾', '奥体中心']",江北嘴
2026,0,416,"['谢家湾', '奥体中心']",弹子石
1158,0,315,"['奥体中心', '陈家坪']",解放碑
1158,0,315,"['奥体中心', '陈家坪']",江北嘴
1158,0,315,"['奥体中心', '陈家坪']",弹子石
2185,0,434,"['陈家坪', '彩云湖']",解放碑
2185,0,434,"['陈家坪', '彩云湖']",江北嘴
2185,0,434,"['陈家坪', '彩云湖']",弹子石
1830,0,393,"['彩云湖', '二郎']",解放碑
1830,0,393,"['彩云湖', '二郎']",江北嘴
1830,0,393,"['彩云湖', '二郎']",弹子石
1629,0,369,"['二郎', '华龙']",解放碑
1629,0,369,"['二郎', '华龙']",江北嘴
1629,0,369,"['二郎', '华龙']",弹子石
1665,0,374,"['华龙', '重庆西站']",解放碑
1665,0,374,"['华龙', '重庆西站']",江北嘴
1665,0,374,"['华龙', '重庆西站']",弹子石
1947,0,407,"['重庆西站', '上桥']",解放碑
1947,0,407,"['重庆西站', '上桥']",江北嘴
1947,0,407,"['重庆西站', '上桥']",弹子石
1205,0,320,"['上桥', '凤鸣山']",解放碑
1205,0,320,"['上桥', '凤鸣山']",江北嘴
1205,0,320,"['上桥', '凤鸣山']",弹子石
1287,0,330,"['凤鸣山', '重庆图书馆']",解放碑
1287,0,330,"['凤鸣山', '重庆图书馆']",江北嘴
1287,0,330,"['凤鸣山', '重庆图书馆']",弹子石
1829,0,393,"['二郎', '彩云湖']",解放碑
1829,0,393,"['二郎', '彩云湖']",江北嘴
1829,0,393,"['二郎', '彩云湖']",弹子石
2185,0,434,"['彩云湖', '陈家坪']",解放碑
2185,0,434,"['彩云湖', '陈家坪']",江北嘴
2185,0,434,"['彩云湖', '陈家坪']",弹子石
1158,0,315,"['陈家坪', '奥体中心']",解放碑
1158,0,315,"['陈家坪', '奥体中心']",江北嘴
1158,0,315,"['陈家坪', '奥体中心']",弹子石
2027,0,416,"['奥体中心', '谢家湾']",解放碑
2027,0,416,"['奥体中心', '谢家湾']",江北嘴
2027,0,416,"['奥体中心', '谢家湾']",弹子石
2396,0,459,"['谢家湾', '海峡路']",解放碑
2396,0,459,"['谢家湾', '海峡路']",江北嘴
2396,0,459,"['谢家湾', '海峡路']",弹子石
1057,0,303,"['海峡路', '南湖']",解放碑
1057,0,303,"['海峡路', '南湖']",江北嘴
1057,0,303,"['海峡路', '南湖']",弹子石
1937,0,405,"['南湖', '四公里']",解放碑
1937,0,405,"['南湖', '四公里']",江北嘴
1937,0,405,"['南湖', '四公里']",弹子石
1200,0,319,"['四公里', '罗家坝']",解放碑
1200,0,319,"['四公里', '罗家坝']",江北嘴
1200,0,319,"['四公里', '罗家坝']",弹子石
1126,0,311,"['罗家坝', '海棠溪']",解放碑
1126,0,311,"['罗家坝', '海棠溪']",江北嘴
1126,0,311,"['罗家坝', '海棠溪']",弹子石
1676,0,375,"['海棠溪', '上浩']",解放碑
1676,0,375,"['海棠溪', '上浩']",江北嘴
1676,0,375,"['海棠溪', '上浩']",弹子石
1226,0,322,"['上浩', '上新街']",解放碑
1226,0,322,"['上浩', '上新街']",江北嘴
1226,0,322,"['上浩', '上新街']",弹子石
1039,0,301,"['上新街', '仁济']",解放碑
1039,0,301,"['上新街', '仁济']",江北嘴
1039,0,301,"['上新街', '仁济']",弹子石
1409,0,344,"['仁济', '涂山']",解放碑
1409,0,344,"['仁济', '涂山']",江北嘴
1409,0,344,"['仁济', '涂山']",弹子石
1568,0,362,"['涂山', '弹子石']",解放碑
1568,0,362,"['涂山', '弹子石']",江北嘴
1568,0,362,"['涂山', '弹子石']",弹子石
2326,0,451,"['弹子石', '五里店']",解放碑
2326,0,451,"['弹子石', '五里店']",江北嘴
2326,0,451,"['弹子石', '五里店']",弹子石
1546,0,360,"['五里店', '渝鲁']",解放碑
1546,0,360,"['五里店', '渝鲁']",江北嘴
1546,0,360,"['五里店', '渝鲁']",弹子石
2121,0,427,"['渝鲁', '重庆北站南广场']",解放碑
2121,0,427,"['渝鲁', '重庆北站南广场']",江北嘴
2121,0,427,"['渝鲁', '重庆北站南广场']",弹子石
2045,0,418,"['重庆北站南广场', '民安大道']",解放碑
2045,0,418,"['重庆北站南广场', '民安大道']",江北嘴
2045,0,418,"['重庆北站南广场', '民安大道']",弹子石
1445,0,348,"['民安大道', '洪湖东路']",解放碑
1445,0,348,"['民安大道', '洪湖东路']",江北嘴
1445,0,348,"['民安大道', '洪湖东路']",弹子石
936,0,289,"['洪湖东路', '动步公园']",解放碑
936,0,289,"['洪湖东路', '动步公园']",江北嘴
936,0,289,"['洪湖东路', '动步公园']",弹子石
1037,0,300,"['动步公园', '冉家坝']",解放碑
1037,0,300,"['动步公园', '冉家坝']",江北嘴
1037,0,300,"['动步公园', '冉家坝']",弹子石
928,0,288,"['冉家坝', '体育公园']",解放碑
928,0,288,"['冉家坝', '体育公园']",江北嘴
928,0,288,"['冉家坝', '体育公园']",弹子石
1214,0,321,"['体育公园', '南桥寺']",解放碑
1214,0,321,"['体育公园', '南桥寺']",江北嘴
1214,0,321,"['体育公园', '南桥寺']",弹子石
1597,0,366,"['南桥寺', '玉带山']",解放碑
1597,0,366,"['南桥寺', '玉带山']",江北嘴
1597,0,366,"['南桥寺', '玉带山']",弹子石
2218,0,438,"['玉带山', '重庆大学']",解放碑
2218,0,438,"['玉带山', '重庆大学']",江北嘴
2218,0,438,"['玉带山', '重庆大学']",弹子石
1579,0,364,"['重庆大学', '沙坪坝']",解放碑
1579,0,364,"['重庆大学', '沙坪坝']",江北嘴
1579,0,364,"['重庆大学', '沙坪坝']",弹子石
1618,0,368,"['沙坪坝', '天星桥']",解放碑
1618,0,368,"['沙坪坝', '天星桥']",江北嘴
1618,0,368,"['沙坪坝', '天星桥']",弹子石
1114,0,309,"['天星桥', '重庆图书馆']",解放碑
1114,0,309,"['天星桥', '重庆图书馆']",江北嘴
1114,0,309,"['天星桥', '重庆图书馆']",弹子石
1286,0,329,"['重庆图书馆', '凤鸣山']",解放碑
1286,0,329,"['重庆图书馆', '凤鸣山']",江北嘴
1286,0,329,"['重庆图书馆', '凤鸣山']",弹子石
1205,0,320,"['凤鸣山', '上桥']",解放碑
1205,0,320,"['凤鸣山', '上桥']",江北嘴
1205,0,320,"['凤鸣山', '上桥']",弹子石
1947,0,407,"['上桥', '重庆西站']",解放碑
1947,0,407,"['上桥', '重庆西站']",江北嘴
1947,0,407,"['上桥', '重庆西站']",弹子石
1665,0,374,"['重庆西站', '华龙']",解放碑
1665,0,374,"['重庆西站', '华龙']",江北嘴
1665,0,374,"['重庆西站', '华龙']",弹子石
1630,0,370,"['华龙', '二郎']",解放碑
1630,0,370,"['华龙', '二郎']",江北嘴
1630,0,370,"['华龙', '二郎']",弹子石
